{"cameraMode":{"drawMode":0,"name":"Shaded","section":"Shading Mode"},"sceneLighting":false,"audioPlay":false,"sceneViewState":{"m_AlwaysRefresh":false,"showFog":false,"showSkybox":false,"showFlares":false,"showImageEffects":false,"showParticleSystems":false,"showVisualEffectGraphs":true,"m_FxEnabled":true},"in2DMode":false,"pivot":{"x":0.5603048801422119,"y":-0.06830418109893799,"z":0.5438277721405029},"rotation":{"x":0.005829999689012766,"y":-0.9720760583877564,"z":0.2366717904806137,"w":0.02642608806490898},"size":1.5346421003341675,"orthographic":false}