{"cameraMode":{"drawMode":0,"name":"Shaded","section":"Shading Mode"},"sceneLighting":false,"audioPlay":false,"sceneViewState":{"m_AlwaysRefresh":false,"showFog":false,"showSkybox":false,"showFlares":false,"showImageEffects":false,"showParticleSystems":false,"showVisualEffectGraphs":true,"m_FxEnabled":true},"in2DMode":false,"pivot":{"x":0.000004827976226806641,"y":1.0285453796386719,"z":-0.014727242290973664},"rotation":{"x":0.012449014000594616,"y":0.9755733013153076,"z":-0.21287263929843903,"w":0.05899621546268463},"size":1.4584531784057618,"orthographic":false}