{"cameraMode":{"drawMode":0,"name":"Shaded","section":"Shading Mode"},"sceneLighting":false,"audioPlay":false,"sceneViewState":{"m_AlwaysRefresh":false,"showFog":false,"showSkybox":false,"showFlares":true,"showImageEffects":true,"showParticleSystems":true,"showVisualEffectGraphs":true,"m_FxEnabled":true},"in2DMode":false,"pivot":{"x":0.005822658538818359,"y":0.1924278736114502,"z":0.11167049407958985},"rotation":{"x":0.6555250287055969,"y":-0.07511625438928604,"z":0.06674548238515854,"w":0.7493194341659546},"size":2.7781829833984377,"orthographic":false}