{"cameraMode":{"drawMode":0,"name":"Shaded","section":"Shading Mode"},"sceneLighting":false,"audioPlay":false,"sceneViewState":{"m_AlwaysRefresh":false,"showFog":false,"showSkybox":false,"showFlares":true,"showImageEffects":true,"showParticleSystems":true,"showVisualEffectGraphs":true,"m_FxEnabled":true},"in2DMode":false,"pivot":{"x":-0.08140158653259278,"y":0.8744416832923889,"z":1.462672472000122},"rotation":{"x":0.11751003563404083,"y":-0.5821100473403931,"z":0.08560805767774582,"w":0.8008016347885132},"size":1.1257829666137696,"orthographic":false}