{"cameraMode":{"drawMode":0,"name":"Shaded","section":"Shading Mode"},"sceneLighting":false,"audioPlay":false,"sceneViewState":{"m_AlwaysRefresh":false,"showFog":true,"showSkybox":false,"showFlares":true,"showImageEffects":true,"showParticleSystems":true,"showVisualEffectGraphs":true,"m_FxEnabled":true},"in2DMode":false,"pivot":{"x":0.003033548593521118,"y":-0.034392908215522769,"z":0.11182916164398194},"rotation":{"x":0.13778002560138703,"y":0.5012181997299194,"z":-0.08167817443609238,"w":0.8507473468780518},"size":0.2660253643989563,"orthographic":false}