{"cameraMode":{"drawMode":0,"name":"Shaded","section":"Shading Mode"},"sceneLighting":false,"audioPlay":false,"sceneViewState":{"m_AlwaysRefresh":false,"showFog":false,"showSkybox":false,"showFlares":true,"showImageEffects":true,"showParticleSystems":true,"showVisualEffectGraphs":true,"m_FxEnabled":true},"in2DMode":false,"pivot":{"x":-0.12765711545944215,"y":0.12869703769683839,"z":-0.04262375831604004},"rotation":{"x":0.3684294521808624,"y":-0.2185692936182022,"z":0.09029512852430344,"w":0.8997920155525208},"size":1.1068525314331055,"orthographic":false}