{"cameraMode":{"drawMode":0,"name":"Shaded","section":"Shading Mode"},"sceneLighting":false,"audioPlay":false,"sceneViewState":{"m_AlwaysRefresh":false,"showFog":false,"showSkybox":false,"showFlares":true,"showImageEffects":true,"showParticleSystems":true,"showVisualEffectGraphs":true,"m_FxEnabled":true},"in2DMode":false,"pivot":{"x":0.13725155591964723,"y":0.11848533153533936,"z":0.10703146457672119},"rotation":{"x":0.305079847574234,"y":-0.07268531620502472,"z":0.02407100982964039,"w":0.949923574924469},"size":1.1068525314331055,"orthographic":false}