{"cameraMode":{"drawMode":0,"name":"Shaded","section":"Shading Mode"},"sceneLighting":false,"audioPlay":false,"sceneViewState":{"m_AlwaysRefresh":false,"showFog":false,"showSkybox":false,"showFlares":true,"showImageEffects":true,"showParticleSystems":true,"showVisualEffectGraphs":true,"m_FxEnabled":true},"in2DMode":false,"pivot":{"x":2.9802322387695315e-8,"y":0.13991159200668336,"z":0.9450000524520874},"rotation":{"x":0.1179131492972374,"y":-0.49818405508995058,"z":0.0687081441283226,"w":0.8570069074630737},"size":1.0148029327392579,"orthographic":false}