{"cameraMode":{"drawMode":0,"name":"Shaded","section":"Shading Mode"},"sceneLighting":false,"audioPlay":false,"sceneViewState":{"m_AlwaysRefresh":false,"showFog":false,"showSkybox":false,"showFlares":true,"showImageEffects":true,"showParticleSystems":true,"showVisualEffectGraphs":true,"m_FxEnabled":true},"in2DMode":false,"pivot":{"x":583.1671752929688,"y":209.90701293945313,"z":-4.89617919921875},"rotation":{"x":-0.03183076158165932,"y":0.002338817110285163,"z":-0.0013798766303807498,"w":-1.0005139112472535},"size":271.1628723144531,"orthographic":false}