{"cameraMode":{"drawMode":0,"name":"Shaded","section":"Shading Mode"},"sceneLighting":false,"audioPlay":false,"sceneViewState":{"m_AlwaysRefresh":false,"showFog":false,"showSkybox":false,"showFlares":true,"showImageEffects":true,"showParticleSystems":true,"showVisualEffectGraphs":true,"m_FxEnabled":true},"in2DMode":false,"pivot":{"x":597.9551391601563,"y":147.23736572265626,"z":114.53108215332031},"rotation":{"x":0.10662520676851273,"y":-0.02539239637553692,"z":0.003240366466343403,"w":0.994591236114502},"size":214.36375427246095,"orthographic":false}