{"cameraMode":{"drawMode":0,"name":"Shaded","section":"Shading Mode"},"sceneLighting":false,"audioPlay":false,"sceneViewState":{"m_AlwaysRefresh":false,"showFog":false,"showSkybox":false,"showFlares":true,"showImageEffects":true,"showParticleSystems":true,"showVisualEffectGraphs":true,"m_FxEnabled":true},"in2DMode":false,"pivot":{"x":0.5636557340621948,"y":-18.216567993164064,"z":7.567468643188477},"rotation":{"x":-0.004001293331384659,"y":-0.8074254989624023,"z":0.5909428596496582,"w":-0.004247182980179787},"size":52.19931411743164,"orthographic":false}