{"cameraMode":{"drawMode":0,"name":"Shaded","section":"Shading Mode"},"sceneLighting":true,"audioPlay":false,"sceneViewState":{"m_AlwaysRefresh":false,"showFog":true,"showSkybox":false,"showFlares":true,"showImageEffects":true,"showParticleSystems":true,"showVisualEffectGraphs":true,"m_FxEnabled":true},"in2DMode":false,"pivot":{"x":0.5006505250930786,"y":1.0089783668518067,"z":0.0788041427731514},"rotation":{"x":-0.07227594405412674,"y":0.6927182674407959,"z":-0.07004134356975556,"w":-0.7142444252967835},"size":0.3873940110206604,"orthographic":false}