{"cameraMode":{"drawMode":0,"name":"Shaded","section":"Shading Mode"},"sceneLighting":false,"audioPlay":false,"sceneViewState":{"m_AlwaysRefresh":false,"showFog":false,"showSkybox":false,"showFlares":true,"showImageEffects":true,"showParticleSystems":true,"showVisualEffectGraphs":true,"m_FxEnabled":true},"in2DMode":false,"pivot":{"x":371.5071716308594,"y":195.29623413085938,"z":-2.759063720703125},"rotation":{"x":-0.11267677694559097,"y":0.014307240955531598,"z":-0.0017297347076237202,"w":-0.9946147799491882},"size":259.7922668457031,"orthographic":false}