{"cameraMode":{"drawMode":0,"name":"Shaded","section":"Shading Mode"},"sceneLighting":false,"audioPlay":false,"sceneViewState":{"m_AlwaysRefresh":false,"showFog":false,"showSkybox":false,"showFlares":true,"showImageEffects":true,"showParticleSystems":true,"showVisualEffectGraphs":true,"m_FxEnabled":true},"in2DMode":false,"pivot":{"x":334.4956359863281,"y":88.87849426269531,"z":200.8953857421875},"rotation":{"x":-0.13354632258415223,"y":0.008311101235449314,"z":-0.0012581255286931992,"w":-0.9920933246612549},"size":1259.7196044921875,"orthographic":false}