{"cameraMode":{"drawMode":0,"name":"Shaded","section":"Shading Mode"},"sceneLighting":false,"audioPlay":false,"sceneViewState":{"m_AlwaysRefresh":false,"showFog":false,"showSkybox":false,"showFlares":true,"showImageEffects":true,"showParticleSystems":true,"showVisualEffectGraphs":true,"m_FxEnabled":true},"in2DMode":false,"pivot":{"x":566.7974853515625,"y":125.65604400634766,"z":-157.2393798828125},"rotation":{"x":0.05881393328309059,"y":0.004442266188561916,"z":0.00021287451090756804,"w":0.998870313167572},"size":387.70391845703127,"orthographic":false}