{"cameraMode":{"drawMode":0,"name":"Shaded","section":"Shading Mode"},"sceneLighting":false,"audioPlay":false,"sceneViewState":{"m_AlwaysRefresh":false,"showFog":false,"showSkybox":false,"showFlares":true,"showImageEffects":true,"showParticleSystems":true,"showVisualEffectGraphs":true,"m_FxEnabled":true},"in2DMode":false,"pivot":{"x":0.004013396799564362,"y":0.4563841223716736,"z":-0.02346038818359375},"rotation":{"x":0.10960467159748078,"y":-0.7842998504638672,"z":0.1477254033088684,"w":0.5941488742828369},"size":0.3818916082382202,"orthographic":false}