{"cameraMode":{"drawMode":0,"name":"Shaded","section":"Shading Mode"},"sceneLighting":false,"audioPlay":false,"sceneViewState":{"m_AlwaysRefresh":false,"showFog":true,"showSkybox":false,"showFlares":true,"showImageEffects":true,"showParticleSystems":true,"showVisualEffectGraphs":true,"m_FxEnabled":true},"in2DMode":false,"pivot":{"x":3.3662941455841066,"y":-0.5939342975616455,"z":0.15550361573696137},"rotation":{"x":0.06873908638954163,"y":0.6840734481811523,"z":-0.06510403007268906,"w":0.7233623266220093},"size":2.2035250663757326,"orthographic":false}