{"cameraMode":{"drawMode":0,"name":"Shaded","section":"Shading Mode"},"sceneLighting":false,"audioPlay":false,"sceneViewState":{"m_AlwaysRefresh":false,"showFog":false,"showSkybox":false,"showFlares":true,"showImageEffects":true,"showParticleSystems":true,"showVisualEffectGraphs":true,"m_FxEnabled":true},"in2DMode":false,"pivot":{"x":0.12580513954162599,"y":0.23985421657562257,"z":-0.09669995307922363},"rotation":{"x":0.305079847574234,"y":-0.07268531620502472,"z":0.02407100982964039,"w":0.949923574924469},"size":2.687211513519287,"orthographic":false}