{"cameraMode":{"drawMode":0,"name":"Shaded","section":"Shading Mode"},"sceneLighting":false,"audioPlay":false,"sceneViewState":{"m_AlwaysRefresh":false,"showFog":true,"showSkybox":false,"showFlares":true,"showImageEffects":true,"showParticleSystems":true,"showVisualEffectGraphs":true,"m_FxEnabled":true},"in2DMode":false,"pivot":{"x":0.00003855861723423004,"y":0.0003994191065430641,"z":0.0013381430180743337},"rotation":{"x":-0.17096026241779328,"y":0.687943696975708,"z":-0.1718371957540512,"w":-0.6842293739318848},"size":0.012247443199157715,"orthographic":false}