{"cameraMode":{"drawMode":0,"name":"Shaded","section":"Shading Mode"},"sceneLighting":false,"audioPlay":false,"sceneViewState":{"m_AlwaysRefresh":false,"showFog":false,"showSkybox":false,"showFlares":true,"showImageEffects":true,"showParticleSystems":true,"showVisualEffectGraphs":true,"m_FxEnabled":true},"in2DMode":false,"pivot":{"x":0.04346871376037598,"y":-0.00707089900970459,"z":1.0449464321136475},"rotation":{"x":0.0002181021118303761,"y":-0.9989649057388306,"z":0.022849442437291147,"w":0.0570407509803772},"size":2.735527276992798,"orthographic":false}