{"cameraMode":{"drawMode":0,"name":"Shaded","section":"Shading Mode"},"sceneLighting":false,"audioPlay":false,"sceneViewState":{"m_AlwaysRefresh":false,"showFog":false,"showSkybox":false,"showFlares":true,"showImageEffects":true,"showParticleSystems":true,"showVisualEffectGraphs":true,"m_FxEnabled":true},"in2DMode":false,"pivot":{"x":0.1134154200553894,"y":0.9270312786102295,"z":-0.07486599683761597},"rotation":{"x":0.1179131492972374,"y":-0.49818405508995058,"z":0.0687081441283226,"w":0.8570069074630737},"size":3.4235167503356935,"orthographic":false}